No,町・ダンジョン名,名称,場所
1,ローレシア城,ふしぎなきのみ,城1Fの階段裏、右のシャンデリアの下あたりの地面
2,ローレシア城,せいすい,城1F東の赤い扉前のタル
3,ローレシア城,3G,城1F中央の部屋のツボ
4,ローレシア城,布の服,城1F中央の部屋のタンス
5,ローレシア城,14G,城1F北西の部屋の引き出し
6,ローレシア城,ちいさなメダル,城1F教会の左の像の前の地面
7,ローレシア城,ラックのたね,城1F厨房の左の壁沿いにあるツボ
8,ローレシア城,はねぼうし,城1F北西のタンス
9,ローレシア城,やくそう,城1F旅の扉付近のツボ
10,ローレシア城,ひのきのぼう,城1F南西訓練所のツボ
11,ローレシア城,ちからのたね,舟守のほこらの外観東側のタル
12,ローレシア城,15G,舟守のほこらの西側桟橋の先端のツボ
13,ローレシア城,ターバン,舟守のほこらの北側桟橋の右のタル
14,ローレシア城,どくけしそう,舟守のほこらの北側桟橋の左のタル
15,ローレシア城下町,ちからのたね,城の入口から左にある木の近くの日陰にあるツボ
16,ローレシア城下町,やくそう,城の前の庭のツボ
17,ローレシア城下町,3G,道具屋そばのツボ
18,ローレシア城下町,どくけしそう,宿屋前のタル
19,ローレシア城下町,まもりのたね,宿屋の北西の行き止まりの地面
20,ローレシア城下町,やくそう,建造中の船の前のタル
21,ローレシア城下町,ちいさなメダル,建造中の船の中の宝箱
22,ローレシア城下町,6G,建設中の家の前のタル
23,ローレシア城下町,たけざお,建設中の家の中の西側地面
24,ローレシア城下町,キメラのつばさ,町の西側出入口付近のタル
25,ローレシア城下町,スタミナのたね,井戸の中の北東側のタル
26,ローレシア城下町,13G,井戸の中のタンス
27,ローレシア城下町,せいすい,井戸の中の南西側のタル
28,ローレシア城下町,特典,宿屋の中の宝箱
29,ローレシア城下町,9G,宿屋客室の引き出し
30,リリザ,3G,道具屋の西のツボ
31,リリザ,せいすい,道具屋の南西のツボ
32,リリザ,10G,宿屋そばのタル
33,リリザ,すばやさのたね,南東の畑の地面
34,リリザ,どくけしそう,東の馬のそばのツボ
35,リリザ,ラックのたね,武器屋前のタル
36,リリザ,やくそう,武器屋1Fの左のタル
37,リリザ,7G,武器屋1Fの右のタル
38,リリザ,皮のぼうし,武器屋2Fの左のタンス
39,リリザ,布の服,武器屋2Fの右のタンス
40,リリザ,ちいさなメダル,武器屋2Fの南西側に飾ってある花の前の地面
41,リリザ,やくそう,宿屋の左客室の左の壁かけ袋
42,リリザ,17G,宿屋の左客室の右の壁かけ袋
43,リリザ,すばやさのたね,宿屋の右客室の引き出し
44,サマルトリア,6G,道具屋入口そばのタル
45,サマルトリア,たけざお,東の民家前のツボ
46,サマルトリア,おなべのフタ,道具屋入口そばのタル
47,サマルトリア,17G,道具屋南側右のタル
48,サマルトリア,まもりのたね,道具屋南側左のタル
49,サマルトリア,まだらくもいと,城の前の庭の北西の網になっている地面
50,サマルトリア,ちいさなメダル,東の民家のタンス
51,サマルトリア,15G,宿屋カウンター前の壁の袋
52,サマルトリア,やくそう,宿屋客室のツボ
53,サマルトリア,どくけしそう,城1F地下牢への階段近くのツボ
54,サマルトリア,ちいさなメダル,城B1F地下牢通路のタル
55,サマルトリア,せいすい,城B1F地下牢通路のツボ
56,サマルトリア,ブロンズナイフ,城1F王女の部屋の左のタンス
57,サマルトリア,ヒャドの巻物,城1F王女の部屋の右のタンス
58,サマルトリア,136G,城1F王女の部屋の本棚
59,サマルトリア,26G,城2Fのツボ
60,勇者の泉の洞窟,キメラのつばさ,1F中央やや南東の広い空間の宝箱
61,勇者の泉の洞窟,こうらのよろい,1F南の宝箱
62,勇者の泉の洞窟,10G,B1F左のツボ
63,勇者の泉の洞窟,かしこさのたね,B1F右のツボ
64,勇者の泉の洞窟,たびびとの服,B1F左のタンス
65,勇者の泉の洞窟,37G,B1F右のタンス
66,勇者の泉の洞窟,ラックのたね,1F北西の宝箱
67,ローラの門,62G,ほこら内北東端のタル
68,ローラの門,命のきのみ,炎のほこらのデルコンダル兵の目の前の地面
69,湖の洞窟,ふしぎなきのみ,B1F洞窟の出入口から西側の少し広い空間の地面
70,湖の洞窟,42G,B1F北東の宝箱
71,湖の洞窟,キメラのつばさ,B1F北の宝箱
72,湖の洞窟,はねぼうし,B1F南の宝箱
73,湖の洞窟,10G,B1F南の左のタル
74,湖の洞窟,ブーメラン,B1F南の右のタル
75,湖の洞窟,ちいさなメダル,B2F北のツボ
76,湖の洞窟,くさりがま,B2F中央やや北東の宝箱
77,湖の洞窟,まほうのせいすい,B2F中央やや南西の宝箱
78,湖の洞窟,29G,B2F中央やや南東のツボ
79,湖の洞窟,りゅうのうろこ,B2F南西手前の宝箱
80,湖の洞窟,上やくそう×2,B2F南西奥の宝箱
81,湖の洞窟,かわきのつぼ,アブーラ＆カタブーラ撃破
82,ローラの門,破毒のネックレス,地下通路途中左にある小部屋の宝箱
83,ローラの門,ちいさなメダル,地下通路途中のタル
84,ローラの門,50G,地下通路南西のツボ
85,ローラの門,まもりのたね,小島のツボ
86,ローラの門,こうらの盾,小島のタル
87,ムーンペタ,ちいさなメダル,北の出入り口近くのタル
88,ムーンペタ,38G,教会入口から南西の木に隠れたツボ
89,ムーンペタ,18G,宿屋南側のタル
90,ムーンペタ,やくそう,武器屋/道具屋前のツボ
91,ムーンペタ,かしこさのたね,ふくびきやから真っ直ぐ西の小屋のタル
92,ムーンペタ,ふくびきけん,宿屋の外の奥のテーブルの右の椅子のそばの地面
93,ムーンペタ,破幻のネックレス,宿屋の西側のツボ
94,ムーンペタ,せいなるナイフ,教会内のツボ
95,ムーンペタ,ふくびきけん,武器屋/道具屋内のタル
96,ムーンペタ,48G,宿屋の壁の右の袋
97,ムーンペタ,ふくびきけん,宿屋の壁の左の袋
98,ムーンブルク,169G,1F南の毒沼の中にあるタル
99,ムーンブルク,ささやきのみつ×2,1F中庭の東側の通路のツボ
100,ムーンブルク,どくけしそう,1F東側のタル
101,ムーンブルク,せいすい,1F南東のツボ
102,ムーンブルク,やくそう,1F南の毒沼に囲まれたツボ
103,ムーンブルク,ラックのたね,1F中庭の北西側のツボ
104,ムーンブルク,ちいさなメダル,1F北の廊下の円形の場所の中央地面
105,ムーンブルク,ゾンビ斬りの巻物,1F北の部屋の宝箱
106,ムーンブルク,ホーリーランス,右のタンス
107,ムーンブルク,インテリハット,左のタンス
108,ムーンブルク,26G,1F北西、壁の外のツボ
109,ムーンブルク,マヌーハそう×2,1F南西の毒に埋まったツボ
110,ムーンブルク,ふしぎなきのみ,1F南西の毒の毒沼中心の地面
111,ムーンブルク,まほうのせいすい×2,B1Fのツボ
112,ムーンブルク,まんげつのリング,B1Fの宝箱
113,ムーンブルク,まじょの服,B1F奥のタル
114,ムーンブルク,58G,B1F手前のタル
115,ラーのほこら,ラーのかがみ,祭壇に置いてある
116,ラーのほこら,メラの巻物,西側の毒沼の中のツボ
117,ラーのほこら,490G,南西の木にかかった袋
118,ラーのほこら,命のきのみ,東側の毒の沼地の中の地面
119,風の塔,せいすい,1F南西手前のタル
120,風の塔,ふしぎなきのみ,1F南西奥のタル
121,風の塔,にげにげリング,1F北東の西側の宝箱
122,風の塔,192G,1F北東の東側の宝箱
123,風の塔,ルビーのうでわ,1F北西の燭台の右側の四角の装飾床
124,風の塔,とげのムチ,2F北東の宝箱
125,風の塔,ちいさなメダル,2F北東のツボ
126,風の塔,まほうのせいすい,3F北東の手前のツボ
127,風の塔,キメラのつばさ,3F北東の中央のツボ
128,風の塔,かしこさのたね,3F北東の奥のツボ
129,風の塔,マジカルスカート,4F西の宝箱
130,風の塔,ふしぎなきのみ,4F北の奥の四角の装飾床
131,風の塔,ふくびきけん×3,4F北東の部屋の南西側の燭台の横のツボ
132,風の塔,792G,5F南の宝箱
133,風の塔,かまいたちの巻物,5F北東の宝箱
134,風の塔,ザオの巻物,7F中央の宝箱
135,風の塔,ちいさなメダル,7F南東の宝箱
136,風の塔,はやてのリング,3F南西の宝箱
137,風の塔,マヌーハそう,6F北東の左のツボ
138,風の塔,上やくそう,6F北東の右のツボ
139,風の塔,58G,6F南の左のタル
140,風の塔,まだらくもいと,6F南の右のタル
141,風の塔,シルクハット,3F北西の宝箱
142,風の塔,風のマント,2F北西の部屋
143,ムーンブルク西のほこら,ふくびきけん,東側入口付近の右のツボ
144,ムーンブルク西のほこら,とんがりぼうし,東側入口付近の左のツボ
145,ムーンブルク西のほこら,ちいさなメダル,通路の道中のツボ
146,ムーンブルク西のほこら,まほうのせいすい,通路の西側の宝箱
147,オアシス,ちいさなメダル,ふくびきやからまっすぐ手前にある2つの岩の前の地面
148,オアシス,ふくびきけん,宿屋そばのタル
149,オアシス,命のきのみ,オアシスそばのツボ
150,オアシス,960G,宿屋の中の宝箱
151,ドラゴンの角・南,26G,1F北東の左のツボ
152,ドラゴンの角・南,やくそう,1F北東の右のツボ
153,ドラゴンの角・南,竜のうろこ,1F南東の宝箱
154,ドラゴンの角・南,ラックのたね,2F東の奥のタル
155,ドラゴンの角・南,どくがのこな,2F西のタル
156,ドラゴンの角・南,372G,2F東の手前のタル
157,ドラゴンの角・南,ふくびきけん,3F西の右のツボ
158,ドラゴンの角・南,スライムピアス,3F西の左のツボ
159,ドラゴンの角・南,1440G,3F北西の宝箱
160,ドラゴンの角・南,上やくそう,4F中央奥のツボ
161,ドラゴンの角・南,すばやさのたね,4F中央手前のツボ
162,ドラゴンの角・南,命のゆびわ,4F南西の宝箱
163,ドラゴンの角・南,くろしょうぞく,5F南東の宝箱
164,ドラゴンの角・南,ちからのたね,5F北西のタル
165,ドラゴンの角・南,44G,5F北のツボ
166,ドラゴンの角・南,まんげつそう,5F中央のツボ
167,ドラゴンの角・南,ちいさなメダル,6Fフロアの中心の地面
168,ルプガナ,せいすい,南西の井戸のそばのツボ
169,ルプガナ,20G,宿屋前のタル
170,ルプガナ,やくそう,道具屋そばのタル
171,ルプガナ,ちからのたね,北西の毒の沼地そばのツボ
172,ルプガナ,まよけのすず,北西の毒の沼地の中の地面
173,ルプガナ,ブロンズナイフ,宿屋の西側の引き出し
174,ルプガナ,ちいさなメダル,宿屋の東側の引き出し
175,ルプガナ,破毒のネックレス,教会内の北西角のツボ
176,ルプガナ,バイキルミン,道具屋内の調理場そばのツボ
177,ルプガナ,410G,道具屋内のベッドの間の壁の袋
178,ルプガナ,ぶとうぎ,港の北西の左のタル
179,ルプガナ,39G,港の北西の右のタル
180,ルプガナ,上やくそう,港の北の桟橋のツボ
181,ルプガナ,ふくびきけん,港内の建物のタンス
182,ルプガナ,ヒャダルコの巻物,港内の建物の本棚
183,ドラゴンの角・北,いしのかつら,2F南東の宝箱
184,ドラゴンの角・北,182G,2F北の手前のツボ
185,ドラゴンの角・北,スタミナのたね,2F北の奥のツボ
186,ドラゴンの角・北,やすらぎのローブ,4F南東の宝箱
187,ドラゴンの角・北,あまつゆの糸,3F北のキラキラ光る地面
188,ドラゴンの角・北,ちからのたね,3F北西の右のタル
189,ドラゴンの角・北,ちからのゆびわ,3F北西の左のタル
190,ドラゴンの角・北,まんげつのリング,5F南東の左のツボ
191,ドラゴンの角・北,くろずきん,5F南東の右のツボ
192,ドラゴンの角・北,やすらぎの歌の巻物,5F南の宝箱
193,ドラゴンの角・北,ちいさなメダル,6Fフロアの中心の地面
194,メダル王の島,ちいさなメダル,島外観中央の噴水前の地面
195,メダル王の島,ちいさなメダル,島外観の南西の突き出た崖の先端の地面
196,メダル王の島,ちいさなメダル,島外観の西のはしごを降りたところの砂浜の地面
197,メダル王の島,ちいさなメダル,島外観の東の像の前の地面
198,メダル王の島,ちいさなメダル,島外観の城の入り口から右へ進んだ突き当りの木にかかった袋
199,メダル王の島,こおりの盾,島外観の北西の滝の裏の宝箱
200,メダル王の島,2000G,島外観の北の宝箱
201,メダル王の島,バニースーツ,城内部の西側の赤い宝箱
202,メダル王の島,インテリめがね,城内部の東側の赤い宝箱
203,ラダトーム,キメラのつばさ,武器屋の東側のツボ
204,ラダトーム,マヌーハそう,宿屋の南側のツボ
205,ラダトーム,ふくびきけん×4,道具屋の東側のタル
206,ラダトーム,ちからのたね,屋敷の前の庭の東端にある木の下の地面
207,ラダトーム,まもりのたね,南東端のツボ
208,ラダトーム,264G,南東の民家の南側のタル
209,ラダトーム,341G,宿屋右の客室の壁かけの袋
210,ラダトーム,やくそう,宿屋内西側のタル
211,ラダトーム,まほうのせいすい,教会1Fのタル
212,ラダトーム,ささやきのみつ,教会2Fのツボ
213,ラダトーム,天使のすず,屋敷1Fのツボ
214,ラダトーム,イオの巻物,屋敷2Fの左の本棚
215,ラダトーム,1000G,屋敷2Fの宝箱
216,ラダトーム,ステテコパンツ,南東の民家1Fの風呂の地面
217,ラダトーム,レザーマント,南東の民家2Fのタンス
218,ラダトーム,おなべのフタ,城1F南西食堂のタル
219,ラダトーム,まんげつそう,城1F南西水場のツボ
220,ラダトーム,上やくそう,城1F南東の魔法使いのそばのツボ
221,ラダトーム,かしこさのたね,城1F南東端の左のツボ
222,ラダトーム,17G,城1F南東端の右のツボ
223,ラダトーム,すばやさのたね,城裏庭の北西のツボ
224,ラダトーム,156G,城裏庭のB1F階段そばのタル
225,ラダトーム,42G,城2F隠し部屋の北東の左のタル
226,ラダトーム,どくがのこな,城2F隠し部屋の北東の右のタル
227,ラダトーム,きぞくのふく,城2F隠し部屋の宝箱
228,ラダトーム,ちいさなメダル,城2F南東の部屋のツボ
229,ラダトーム,虹のしずく,ラダトーム王から授かる
230,ラダトーム,せいすい,城の屋上北のツボ
231,ラダトーム,ラックのたね,城の屋上最上部の手前のタル
232,ラダトーム,上やくそう,城の屋上最上部の奥のタル
233,ガライ,まだらくもいと,浜辺の北側のツボ
234,ガライ,かしこさのたね,浜辺の南側のツボ
235,ガライ,せいすい,宿屋入口そばのタル
236,ガライ,こんぼう,武器屋そばのツボ
237,ガライ,61G,道具屋そばのタル
238,ガライ,こうらのよろい,宿屋客室の右のタンス
239,ガライ,たびびとの服,宿屋客室の左のタンス
240,ガライ,おどりこの服,南西の民家内のタンス
241,ガライ,上やくそう,港の通路東側のタル
242,ガライ,ちいさなメダル,港の桟橋の宝箱
243,ガライ,まほうのせいすい,港の通路西側のツボ
244,ロトの洞窟,せいなるナイフ,B1F南西端の宝箱
245,ロトの洞窟,164G,B1F北東端の宝箱
246,ロトの洞窟,まもりのたね,B2F中央の通路行き止まりの地面
247,ロトの洞窟,キメラのつばさ,B2F中央やや西の左のツボ
248,ロトの洞窟,竜のうろこ,B2F中央やや西の右のツボ
249,ロトの洞窟,スカラの巻物,B2F最深部左の宝箱
250,ロトの洞窟,アストロンの巻物,B2F最深部右の宝箱
251,ロトの洞窟,ちいさなメダル,B2F最深部石碑の裏側の地面
252,マイラ,どくけしそう,武器屋そばのツボ
253,マイラ,はがねのつるぎ,西の民家そばのタル
254,マイラ,布の服,温泉のツボ
255,マイラ,たけざお,武器屋の西側のタル
256,マイラ,ぱふぱふの巻物,宿屋のツボ
257,マイラ,ちいさなメダル,井戸の中の右の壁際の地面
258,マイラ,ちからのたね,西の民家のツボ
259,マイラ,92G,武器屋1F南西角のタル
260,マイラ,やくそう,武器屋1F階段下のツボ
261,ドムドーラ,17G,北西のツボ
262,ドムドーラ,ふしぎなきのみ,東の廃墟の中央の木の残骸の前の地面
263,ドムドーラ,427G,屋内タル
264,ドムドーラ,どくけしそう,屋内ツボ
265,ドムドーラ,破封のネックレス,中央廃墟のタル
266,ドムドーラ,あくま斬りの巻物,開かない宝箱の横のタル
267,ドムドーラ,やくそう,南西の廃墟のタル
268,ドムドーラ,まだらくもいと,南東の廃墟のツボ
269,ドムドーラ,408G,東の毒の沼の北側にある丸いテーブルそばの地面
270,メルキド,まんげつそう×2,武器屋前のツボ
271,メルキド,やくそう,ゴールド銀行横のタル
272,メルキド,445G,北東の見張り台の右側の一番奥の木箱の前の地面
273,メルキド,命のきのみ,墓場の一番右の墓の前の地面
274,メルキド,スタミナのたね,中央の水場の西側の手前から2番目の柱のそばのツボ
275,メルキド,32G,南東の武器屋の東側のタル
276,メルキド,ふくびきけん×3,西の民家を貫通している通路の途中の地面
277,メルキド,くさりかたびら,西の民家2F右の部屋の右のタンス
278,メルキド,てつのやり,西の民家2F右の部屋の左のタンス
279,メルキド,ちいさなメダル,銀行1Fの奥の赤いカーペット
280,メルキド,きぬのローブ,宿屋奥の客室のタンス
281,メルキド,まもりのたね,宿屋手前の客室の壁の袋
282,メルキド,あみタイツ,南東の武器屋の左のタンス
283,メルキド,ガーターベルト,南東の武器屋の右のタンス
284,メルキド,ぶとうぎ,南西の民家の左のタンス
285,メルキド,たけざお,南西の民家の右のタンス
286,精霊のほこら,まほうのせいすい,2F玉座の裏の地面
287,精霊のほこら,まんげつのリング,2F南西側のガレキのそばの地面
288,沼地の洞窟,布の服,B1F北の木材置き場のタル
289,沼地の洞窟,どくけしそう×2,B1F中央やや北のタル
290,沼地の洞窟,510G,B1F出入口から東の宝箱
291,沼地の洞窟,ひのきのぼう,B1F北のテーブルがある部屋のツボ
292,岩山の洞窟,ラックのたね,南東B2Fの手前のツボ
293,岩山の洞窟,まもりのたね,南東B2Fの奥のツボ
294,リムルダール,マヌーハそう,武器屋の南側の庭のツボ
295,リムルダール,シルバートレイ,武器屋の南側の庭のタル
296,リムルダール,やくそう,北の左の民家の入口そばツボ
297,リムルダール,せいすい,宿屋の南側のツボ
298,リムルダール,においぶくろ,南西の藁近くのタル
299,リムルダール,ちからのたね,池の上の島のツボ
300,リムルダール,ふくびきけん×3,堀の外の北のツボ
301,リムルダール,26G,堀の外の北東のツボ
302,リムルダール,ラックのたね,堀の外の南西のタル
303,リムルダール,ちいさなメダル,教会1Fのツボ
304,リムルダール,ルカニの巻物,北西のカギ職人の家のタル
305,リムルダール,りせいのリング,北西のカギ職人の家のツボ
306,リムルダール,ふくびきけん,北の右の民家のタル
307,リムルダール,ささやきのみつ,北の左の民家のツボ
308,聖なるほこら,ちいさなメダル,滝が注ぐ場所の西側のオブジェの前の地面
309,竜王の城,ちいさなメダル,1F北西の3つあるうち中央の装飾床
310,竜王の城,空っぽ,1F北西の宝箱
311,竜王の城,いのりのゆびわ,B1F東側の洞穴の行き止まりの地面
312,竜王の城,4G,1F北西の部屋の四角の装飾床の地面
313,竜王の城,まほうのせいすい,B1F北西の宝箱
314,竜王の城,ひとくいばこ,B3F西の宝箱
315,竜王の城,こおりの盾,B4F東の孤立したエリアの宝箱
316,竜王の城,ひとくいばこ,B3F西の宝箱
317,竜王の城,ゾンビメイル,B3F中央エリアの宝箱
318,竜王の城,バトルフォーク,B1F中央の宝箱
319,竜王の城,ひとくいばこ,B4F北の宝箱
320,竜王の城,さばきの杖,B5F南東の宝箱
321,竜王の城,ひとくいばこ,B6F宝物庫の右上の通常宝箱
322,竜王の城,アサシンの巻物,B6F北東の左の宝箱
323,竜王の城,ルカナンの巻物,B6F北東の右の宝箱
324,竜王の城,天使のすず,B6F中央やや北の右のタル
325,竜王の城,まほうのせいすい,B6F中央やや北の左のタル
326,竜王の城,すばやさのたね,B6F東端のツボ
327,竜王の城,さびたつるぎ,B6F最深部イベントで入手
328,雨のほこら,54G,1F西側の右のツボ
329,雨のほこら,まもりのたね,1F西側の左のツボ
330,雨のほこら,めざましリング,1F東側の宝箱
331,雨のほこら,ささやきのみつ×2,1F裏門東の宝箱
332,雨のほこら,どくがのナイフ,2F東側の円形エリアの中心の地面
333,雨のほこら,スクルトの巻物,3F西側の宝箱
334,雨のほこら,まほうのせいすい,4F西側の左のツボ
335,雨のほこら,上やくそう×3,4F西側の右のツボ
336,雨のほこら,ちいさなメダル,5F西側の奥のツボ
337,雨のほこら,ラックのたね,5F西側の手前のツボ
338,雨のほこら,やすらぎのローブ,5F南西の丸い広場の中央の地面
339,雨のほこら,まどろみの剣,5F東側の左の宝箱
340,雨のほこら,リホイミの巻物,5F中央の建物の西側宝箱
341,雨のほこら,やまびこのふえ,5Fのイベント後
342,雨のほこら,まよけの聖印,5Fの像の裏側の地面
343,ベラヌール,ふくびきけん,銀行前のタル
344,ベラヌール,37G,南の桟橋の東側のツボ
345,ベラヌール,たけざお,南の桟橋の西端のタル
346,ベラヌール,ふくびきけん,南野桟橋の西端の奥のタル
347,ベラヌール,まんげつそう,南野桟橋の西端の手前のタル
348,ベラヌール,やくそう,宿屋前のタル
349,ベラヌール,かしこさのたね,北西の家の東側のツボ
350,ベラヌール,ラックのたね,武器屋の階段下のツボ
351,ベラヌール,破毒のネックレス,武器屋の壁の袋
352,ベラヌール,上やくそう,宿屋左の客室のツボ
353,ベラヌール,マヌーハそう,宿屋の奥のタル
354,ベラヌール,22G,宿屋の手前のタル
355,ベラヌール,まもりのたね,教会1Fのタル
356,ベラヌール,まほうのよろい,教会B1Fの宝箱
357,ベラヌール,せいすい×2,教会B1Fの右のツボ
358,ベラヌール,まほうのせいすい,教会B1Fの左のツボ
359,ベラヌール,とんがりぼうし,北西の家のタンス
360,ベラヌール,ちいさなメダル,北西の家の本棚
361,世界樹の森,まもりのたね,1フロア目中央の宝箱
362,世界樹の森,ちいさなメダル,1フロア目南東の環状の道の東側宝箱
363,世界樹の森,ラックのたね,1フロア目南東の環状の道の西側宝箱
364,世界樹の森,特やくそう,1フロア目西の行き止まりの地面
365,世界樹の森,ふっかつの杖,2フロア目の南西の宝箱
366,世界樹の森,命の石,2フロア目の東端、小さな泉の前の地面
367,世界樹の森,特やくそう,2フロア目の南の左の宝箱
368,世界樹の森,ささやきのみつ×2,2フロア目の南の右の宝箱
369,世界樹の森,ふしぎなきのみ,2フロア目の北の宝箱
370,世界樹の森,せかいじゅのは,深層部で入手
371,大灯台,にげにげリング,1F南東の行き止まりの宝箱
372,大灯台,すばやさのたね,1F北の行き止まりのツボ
373,大灯台,うろこの盾,1F西の行き止まりの宝箱
374,大灯台,やくそう×2,1F西の行き止まりの右のタル
375,大灯台,137G,1F西の行き止まりの右のタル
376,大灯台,まだらくもいと,1F南の行き止まりのツボ
377,大灯台,せいすい×3,1F中央の球体の東側の床
378,大灯台,においぶくろ×3,1F中央の球体の西側の床
379,大灯台,539G,1F中央北の宝箱
380,大灯台,破毒のネックレス,2F西の右のツボ
381,大灯台,上やくそう,2F西の左のツボ
382,大灯台,まじょの服,2F北の宝箱
383,大灯台,まどうしの杖,2F東の宝箱
384,大灯台,ぎんのかみかざり,3F東の球体オブジェが4つある部屋の真ん中の地面
385,大灯台,天使のすず×2,3F西の奥の宝箱
386,大灯台,1030G,3F西の手前の宝箱
387,大灯台,ひとくいばこ,3F中央の宝箱
388,大灯台,ラックのたね,3F中央の奥のツボ
389,大灯台,644G,3F中央の手前のツボ
390,大灯台,ひとくいばこ,3F北東端の宝箱
391,大灯台,まほうのせいすい,3F南の大部屋のツボ
392,大灯台,ひとくいばこ,4F東の宝箱
393,大灯台,上やくそう×2,4F南のタル
394,大灯台,さみだれけんの巻物,5F中央の宝箱
395,大灯台,キメラのつばさ,2F南西の左のタル
396,大灯台,まんげつそう×2,2F南西の右のタル
397,大灯台,破封のネックレス,3F北の左のツボ
398,大灯台,破幻のネックレス,3F北の右のツボ
399,大灯台,ふしぎなきのみ,5F丸い部屋の中央の床
400,大灯台,まだらくもいと×2,7F丸い部屋のツボ
401,大灯台,まほうのせいすい,7F丸い部屋の左のタル
402,大灯台,すばやさのたね,7F丸い部屋の右のタル
403,大灯台,まほうのせいすい×3,4F南の宝箱
404,大灯台,265G,5F北東端のツボ
405,大灯台,ひとくいばこ,6F中央やや南の宝箱
406,大灯台,アサシンダガー,5F東の左の宝箱
407,大灯台,かげのターバン,5F東の右の宝箱
408,大灯台,ちいさなメダル,7Fにいる戦士の後ろの床
409,大灯台,マヌーハそう×2,6F南西の部屋の左のタル
410,大灯台,169G,6F南西の部屋の右のタル
411,大灯台,ほしの紋章,2Fでネコノマンサー撃破
412,ペルポイ,こんぼう,外観の南西のタル
413,ペルポイ,マヌーハそう,外観の井戸のそばのツボ
414,ペルポイ,うろこの盾,外観屋内の地下への階段そばのタル
415,ペルポイ,どくけしそう,B1F南西の奥のタル
416,ペルポイ,ふくびきけん×3,B1F南西の手前のタル
417,ペルポイ,ふくびきけん,B1F南の池のそばのツボ
418,ペルポイ,やくそう×3,東の建物の前のツボ
419,ペルポイ,プラチナシールド,北西の屋内のタンス
420,ペルポイ,イオラの巻物,北西の屋内の巻物
421,ペルポイ,ふくびきけん×4,中央の建物の店じまいした店カウンター前左端の地面
422,ペルポイ,スタミナのたね,宿屋右の客室のツボ
423,ペルポイ,244G,宿屋右の客室の引き出し
424,ペルポイ,アイアンヘッドギア,宿屋左の客室の引き出し
425,ペルポイ,命のきのみ,教会のツボ
426,ペルポイ,破幻のネックレス,自警団の建物の通路左の壁の袋
427,ペルポイ,まんげつのリング,自警団の建物の通路右の壁の袋
428,ペルポイ,ペルポイの手紙,ノスフェイラを撃破
429,炎のほこら,960G,崖の岩棚の木の下の地面
430,炎のほこら,すばやさのたね,東端のツボ
431,炎のほこら,上やくそう,北の左のタル
432,炎のほこら,まんげつそう,北の右のタル
433,炎のほこら,ちからのたね,祭壇そばの石碑の裏の地面
434,炎のほこら,たいようの紋章,祭壇で入手
435,ザハン,うみなりの杖,サザナの家の西側のタル
436,ザハン,すばやさのたね,北東のツボ
437,ザハン,28G,道具屋そばのタル
438,ザハン,ちいさなメダル,神殿の西側の毒の沼地そばのツボ
439,ザハン,まんげつそう×2,西のタル
440,ザハン,41G,南東の木の陰のツボ
441,ザハン,キメラのつばさ,東の藁のそばのタル
442,ザハン,上やくそう×2,宿屋左の客室の壁の袋
443,ザハン,ささやきのみつ,宿屋右の客室の壁の袋
444,ザハン,まだらくもいと,サザナの家1Fのツボ
445,ザハン,スタミナのたね,サザナの家2Fの右の部屋のツボ
446,ザハン,278G,サザナの家2Fの左の部屋の壁の袋
447,人魚の岩場,かしこさのたね,西側のツボ
448,人魚の岩場,天使のすず,東側のツボ
449,人魚の岩場,ふしぎなきのみ,南西端の地面
450,舟守のほこら,ゴールドトレイ,ザハンの犬のイベントの後に犬の前の地面
451,舟守のほこら,人魚の耳かざり,フラフーラ＆デビルマンボを撃破
452,舟守のほこら,まよけのツメ,ほこらの東側の像
453,デルコンダル,ふくびきけん×2,通路南東のツボ
454,デルコンダル,ちからための巻物,通路北東の右の本棚
455,デルコンダル,おおごえの巻物,通路北東の左の本棚
456,デルコンダル,皮のぼうし,武器屋の南のタル
457,デルコンダル,まもりのたね,武器屋の入口そばのタル
458,デルコンダル,マヌーハそう×2,道具屋のそばのタル
459,デルコンダル,ビーストウィップ,教会の北の宝箱
460,デルコンダル,どくがのこな,北西の占い師のそばのツボ
461,デルコンダル,せいすい,北西の占い師のそばのタル
462,デルコンダル,やくそう,教会内のツボ
463,デルコンダル,まほうのせいすい,宿屋の客室の壁の袋
464,デルコンダル,ラックのたね,宿屋の客室のツボ
465,デルコンダル,ふくびきけん×4,城1F入口から東側のタル
466,デルコンダル,つきの紋章,キラータイガーまでモンスター撃破
467,夢見の湖(妖精の城),けんじゃのせいすい,1F中央の赤い絨毯付近の柱の間の地面
468,夢見の湖(妖精の城),命の石,1F北東の左の宝箱
469,夢見の湖(妖精の城),まほうのよろい,1F北東の右の宝箱
470,夢見の湖(妖精の城),ミラクルの巻物,1F北西の左の宝箱
471,夢見の湖(妖精の城),フバーハの巻物,1F北西の右の宝箱
472,夢見の湖(妖精の城),ようせいの剣,2F南の宝箱
473,夢見の湖(妖精の城),ちいさなメダル,3F北西行き止まりの地面
474,夢見の湖(妖精の城),マーメイドハープ,夢の妖精から入手
475,夢見の湖(妖精の城),すばやさのたね,3F玉座の裏の地面
476,アルメハ,24G,南西の家のそばのツボ
477,アルメハ,まほうのせいすい,北東の家のそばのツボ
478,アルメハ,ピンクパール,町中央の3つの像の間の中心の地面
479,アルメハ,スライムピアス,町の西側の岩から南の崖際の地面
480,アルメハ,ぎんのかみかざり,南西の家の宝箱
481,アルメハ,11G,南西の家のツボ
482,アルメハ,186G,北東の家のツボ
483,アルメハ,せいなるナイフ,北東の家の青いヒトデの左側地面
484,アルメハ,ちいさなメダル,女王の間の西側の岩のさらに西側の地面、手前のねじれた柱で隠れる位置の地面
485,アルメハ,421G,女王の間の東側の岩の陰のツボ
486,アルメハ,インテリめがね,女王の間の北西の岩の陰の地面
487,人魚の聖域,ブロンズナイフ,1F西の右のツボ
488,人魚の聖域,せいすい,1F西の左のツボ
489,人魚の聖域,633G,1F北の宝箱
490,人魚の聖域,天使のすず,1F南西の宝箱
491,人魚の聖域,30G,B1F西エリアのツボ
492,人魚の聖域,破毒のネックレス,B2F西のツボ
493,人魚の聖域,竜のうろこ,B2F西の部屋カウンター前のツボ
494,人魚の聖域,まほうのせいすい,B2F西の部屋の西端のツボ
495,人魚の聖域,はがねのよろい,B3F西の宝箱
496,人魚の聖域,まんげつのリング,B1F北東の宝箱
497,人魚の聖域,バイキルミン,B1F北のエリア(画面が切り替わる別エリア扱いの場所)の地面
498,人魚の聖域,タイタニアステッキ,B2F北の宝箱
499,人魚の聖域,348G,B2F北の部屋のツボ
500,人魚の聖域,天使のすず,B3F北のツボ
501,人魚の聖域,18G,B2F階段そば東のツボ
502,人魚の聖域,せいれいの盾,B2F東の部屋の宝箱
503,人魚の聖域,バトルフォーク,B1F南の宝箱
504,人魚の聖域,まほうのせいすい,B1F南西のツボ
505,人魚の聖域,けんじゃのせいすい,B3F南の宝箱
506,森の廃村,まだらくもいと,廃屋の中の階段のそばの地面
507,森の廃村,どこかのかぎ,ボス撃破
508,森の廃村,かげのターバン,闇市の西側のツボ
509,森の廃村,しのびの服,闇市の東側のタル
510,森の廃村,ぬすっと刈りの巻物,闇市の北西の宝箱
511,森の廃村,しのびあしの巻物,闇市の北東の階段下のタル
512,なぞの海底基地,にげにげリング,1F南の部屋の北西側の排水口
513,なぞの海底基地,においぶくろ,1F西の階段そばのツボ
514,なぞの海底基地,ルビーのうでわ,1F東の階段そばの花壇の間の地面
515,なぞの海底基地,まんげつそう×2,B1F南西の行き止まり左のツボ
516,なぞの海底基地,すばやさのたね,B1F南西の行き止まり右のツボ
517,なぞの海底基地,まほうのせいすい×2,B1F南西の奥の小部屋のツボ
518,なぞの海底基地,ちからのたね,B1F小部屋の左のタル
519,なぞの海底基地,どくがのこな×2,B1F北西の南西位置小部屋の右のタル
520,なぞの海底基地,74G,B1F北西の南位置小部屋のタル
521,なぞの海底基地,ヒャダインの巻物,B1F北西の北東位置小部屋の宝箱
522,なぞの海底基地,ちいさなメダル,B1F南西の部屋のドレスを来た像の前の地面
523,なぞの海底基地,マヌーハそう×3,B1F北東端の扉付近のツボ
524,なぞの海底基地,まほうのせいすい,B1F北東端の角にあるツボ
525,なぞの海底基地,1197G,B1F北東端の排水口
526,なぞの海底基地,まがんのぼうし,B1F南東端の宝箱
527,なぞの海底基地,なげきの盾,B1F中央の左の宝箱
528,なぞの海底基地,グラコスのやり,B1F中央の真ん中の宝箱
529,なぞの海底基地,2469G,B1F中央の右の宝箱
530,なぞの海底基地,いのちの紋章,ミリエラを撃破
531,妖精の城,ようせいのうでわ,夢の妖精からもらう
532,妖精の城,けんじゃのせいすい×2,夢の妖精からもらう
533,妖精の城,えいえんの盾,人魚の聖域のB3Fの温泉の中心の地面
534,テパ,皮のぼうし,教会そばのタル
535,テパ,ラックのたね,町入口付近のベンチの間の花壇の前の地面
536,テパ,すばやさのたね,噴水の南西側の地面
537,テパ,まんげつそう×2,北の民家の南側のタル
538,テパ,やくそう×2,北の民家の東側のタル
539,テパ,かしこさのたね,ドン・モハメの家の前のツボ
540,テパ,ひのきのぼう,北東端の道具屋の東側のツボ
541,テパ,上やくそう,教会内のツボ
542,テパ,ステテコパンツ,北の民家の右のタンス
543,テパ,ちいさなメダル,北の民家の左のタンス
544,テパ,おうえんの巻物,ドン・モハメの家1Fの本棚
545,満月の塔,まんげつそう×2,1F北西の宝箱
546,満月の塔,いのりのゆびわ,2F南西の部屋の左の四角の装飾床
547,満月の塔,ムーンサルトの巻物,2F北の宝箱
548,満月の塔,ミミック,1F南東の宝箱
549,満月の塔,ミミック,3F北西の宝箱
550,満月の塔,ちいさなメダル,3F階段下の奥の地面
551,満月の塔,ふしぎなきのみ,3F南東の四角い装飾床
552,満月の塔,バスターウィップ,4F南西の左の宝箱
553,満月の塔,らせんうちの巻物,4F南西の右の宝箱
554,満月の塔,ミミック,5F北東の宝箱
555,満月の塔,まほうのせいすい,5F南西の宝箱
556,満月の塔,ミミック,1F北東の宝箱
557,満月の塔,月のかけら,クレセンス撃破
558,満月の塔,ぶきみな巻物,6F北東の宝箱
559,ロンダルキア南のほこら,天使のすず,外観の南東のツボ
560,ロンダルキア南のほこら,451G,外観の西のツボ
561,ロンダルキア南のほこら,すばやさのたね,1Fの北東の地面
562,ロンダルキア南のほこら,インテリめがね,2Fの宝箱
563,ロンダルキア南のほこら,まだらくもいと×2,2Fの北東のタル
564,ロンダルキア南のほこら,かしこさのたね,2Fのツボ
565,海底火山の洞窟,1220G,B1F北の宝箱
566,海底火山の洞窟,ふしぎなきのみ,B1F中央やや南西の四角の装飾床の中心
567,海底火山の洞窟,スネークソード,B1F西の宝箱
568,海底火山の洞窟,ミミック,B2FでB1Fへの階段から南に直進位置の宝箱
569,海底火山の洞窟,ほのおのつるぎ,B2FでB1Fへの階段から西の部屋の宝箱
570,海底火山の洞窟,いのりのゆびわ,B2F中央の溶岩がある部屋の宝箱
571,海底火山の洞窟,ちいさなメダル,B2F南東端の階段を降りた先のB3F宝箱
572,海底火山の洞窟,せいしんの巻物,ちいさなメダル入った宝箱の近くの階段を降りたB4F南東のダメージ床の先の宝箱
573,海底火山の洞窟,ミミック,B2F西の階段を降りた先の南北に通る通路の宝箱
574,海底火山の洞窟,ミミック,B3F北の宝箱
575,海底火山の洞窟,ちからのたね,B3F北西の宝箱
576,海底火山の洞窟,まほうのよろい,B3Fダメージ床とハシゴがある広い部屋の北西の宝箱
577,海底火山の洞窟,ミミック,B4F南の宝箱
578,海底火山の洞窟,ほのおの盾,B4F中央やや北西のダメージ床の上の宝箱
579,海底火山の洞窟,まよけのすず,B4F中央やや北東のハシゴのそばの宝箱
580,海底火山の洞窟,邪神の像,バズズを撃破
581,海底火山の洞窟,あくまのよろい,B5F最深部の扉の先の宝箱
582,沈没船,まほうのそろばん,B1F北の宝箱
583,沈没船,ちいさなメダル,B1F東の部屋の宝箱
584,沈没船,289G,B1F南端の部屋の右のタル
585,沈没船,せいすい×3,B1F南端の部屋の左のタル
586,沈没船,レイピア,1F南端の部屋のタル
587,沈没船,まほうのせいすい×2,1F南端の部屋のツボ
588,沈没船,キャプテンハット,1F南端の部屋の宝箱
589,沈没船,くさりがま,1F中央東のタル
590,沈没船,人魚の耳かざり,1F北端の操舵輪前のキラキラ
591,ロンダルキアへの洞窟,空っぽ,1F中央やや北の宝箱
592,ロンダルキアへの洞窟,空っぽ,1F中央やや南の宝箱
593,ロンダルキアへの洞窟,空っぽ,1F北西の宝箱
594,ロンダルキアへの洞窟,ちからのたね,B1F毒の沼エリアの南東宝箱
595,ロンダルキアへの洞窟,ラックのたね,B1F毒の沼エリアの北西の岩の左側地面
596,ロンダルキアへの洞窟,まほうのせいすい×3,1Fで北西を進んだ先の3F左の宝箱
597,ロンダルキアへの洞窟,まがんのぼうし,1Fで北西を進んだ先の3F右の宝箱
598,ロンダルキアへの洞窟,※空っぽ,迷宮フロア最初の交差点の縦の道宝箱
599,ロンダルキアへの洞窟,※空っぽ,迷宮フロア2番目の交差点の縦の道宝箱
600,ロンダルキアへの洞窟,※かしこさのたね,迷宮フロア3番目の交差点の縦の道宝箱
601,ロンダルキアへの洞窟,※空っぽ,迷宮フロア4番目の交差点の縦の道宝箱
602,ロンダルキアへの洞窟,※空っぽ,迷宮フロア5番目の交差点の縦の道宝箱
603,ロンダルキアへの洞窟,ふくびきけん×4,3F南東(北側)の宝箱
604,ロンダルキアへの洞窟,やいばのよろい,3F南東(南側)の宝箱
605,ロンダルキアへの洞窟,1455G,3F中央やや北の宝箱
606,ロンダルキアへの洞窟,マヒャドの巻物,3F中央やや北西の青い宝箱
607,ロンダルキアへの洞窟,560G,3F北西の階段を登った先の5F手前の宝箱
608,ロンダルキアへの洞窟,死神の盾,3F北西の階段を登った先の5F奥の宝箱
609,ロンダルキアへの洞窟,ふしぎなぼうし,3F西の階段を登った先の5F宝箱
610,ロンダルキアへの洞窟,ロトのよろい,3F南東の階段を登った先の5F宝箱
611,ロンダルキアへの洞窟,ミミック,5F中央やや南の宝箱
612,ロンダルキアへの洞窟,ミミック,5F南の宝箱
613,ロンダルキアへの洞窟,かしこさのたね,5F西の宝箱
614,ロンダルキアへの洞窟,あくまのムチ,5F北の宝箱
615,ロンダルキアへの洞窟,ちいさなメダル,落下先4F北西の宝箱
616,ロンダルキアへの洞窟,ミミック,落下先4F中央やや北の宝箱
617,ロンダルキアへの洞窟,ミミック,落下先4F中央やや南東の宝箱
618,ロンダルキアへの洞窟,ふこうのかぶと,落下先4F南の宝箱
619,ロンダルキアへの洞窟,アサシンダガー,7F中央の石の檀の裏側の地面
620,ロンダルキアへの洞窟,命の石,7F十字路を左に進んだ先のフロアの北西奥の燭台そば地面
621,ロンダルキアへの洞窟,ちいさなメダル,7F十字路を右に進んだフロアの1つ目の宝箱
622,ロンダルキアへの洞窟,ミミック,7F十字路を右に進んだフロアの2つ目の宝箱
623,ハーゴンの神殿,なげきの盾,1F東の宝箱
624,ハーゴンの神殿,死の首かざり,1F西の宝箱
625,ハーゴンの神殿,デーモンスピア,1F北西の宝箱
626,ハーゴンの神殿,あくまのよろい,1F北東の宝箱
627,ハーゴンの神殿,りせいのリング,2F南の宝箱
628,ハーゴンの神殿,ちいさなメダル,2F東の宝箱
629,ハーゴンの神殿,呪いのベルト,4F北東の宝箱
630,ハーゴンの神殿,ラックのたね,5F北東の円形部屋の中心地面
631,ハーゴンの神殿,じごくのよろい,5F北西の右の宝箱
632,ハーゴンの神殿,はんにゃのめん,5F北西の中央の宝箱
633,ハーゴンの神殿,もろはのつるぎ,5F北西の左の宝箱
634,ハーゴンの神殿,命の石,6F南西の突き出たところの中心の地面
635,ローレシア,ちからのゆびわ,1F中央の部屋の赤い宝箱※とうぞくのかぎ
636,ローレシア,ヒャダルコの巻物,地下牢の通路西端のタル※とうぞくのかぎ
637,舟守のほこら,ちいさなメダル,ほこらの建物の西側の赤い宝箱※とうぞくのかぎ
638,リリザ,なりきんベスト,宿屋左の客室の赤い宝箱※とうぞくのかぎ
639,湖の洞窟,みわくのリボン,B2F最深部左の宝箱※とうぞくのかぎ
640,湖の洞窟,けんじゃのせいすい,B2F最深部右の宝箱※とうぞくのかぎ
641,ムーンペタ,マホリーの巻物,北側の建物の地下を通っていける小島の赤い宝箱※とうぞくのかぎ
642,ムーンブルク,ねむりの杖,地下の赤い宝箱※とうぞくのかぎ
643,ローレシア城,2400G,宝物庫の奥の左の宝箱※まほうのかぎ
644,ローレシア城,命の石,宝物庫の奥の右の宝箱※まほうのかぎ
645,ローレシア城,ぎんのむねあて,宝物庫の手前の左の宝箱※まほうのかぎ
646,ローレシア城,必中拳の巻物,宝物庫の手前の左から2番目の宝箱※まほうのかぎ
647,ローレシア城,ごうけつのうでわ,宝物庫の手前の右の宝箱※まほうのかぎ
648,ローレシア城,ふしぎなきのみ,B1F奥の牢屋の光る地面※まほうのかぎ
649,ローレシア城,いかずちの杖,B1F奥の牢屋のあくましんかんを倒すと落とす※まほうのかぎ
650,サマルトリア城,ロトの盾,城1Fの宝物庫の青い宝箱※まほうのかぎ
651,サマルトリア城,うさぎのしっぽ,城2Fの引き出し※まほうのかぎ
652,サマルトリア城,ガーターベルト,城2Fの右のタンス※まほうのかぎ
653,サマルトリア城,うさみみバンド,城2Fの左のタンス※まほうのかぎ
654,ムーンブルク,マホカンタの巻物,B1Fの青い宝箱※まほうのかぎ
655,オアシス,ほしふるうでわ,宿屋の青い宝箱※まほうのかぎ
656,ラダトームの町,ちいさなメダル,宿屋の左客室の壁の袋※まほうのかぎ
657,ラダトームの城,2000G,城1F東のバリアの先の赤い宝箱※まほうのかぎ
658,ラダトームの城,いのちのきのみ,城1F東のバリアの先の左のタル※まほうのかぎ
659,ラダトームの城,天使のすず,城1F東のバリアの先の右のタル※まほうのかぎ
660,ラダトームの城,ふくびきけん×3,城裏庭B1Fの中央の部屋のツボ※まほうのかぎ
661,ラダトームの城,まよけのすず,城裏庭B1Fの中央の部屋の宝箱※まほうのかぎ
662,ラダトームの城,せいれいの法衣,2F北東の部屋の宝箱※まほうのかぎ
663,ラダトームの城,ふくびきけん×4,2F北西の部屋の引き出し※まほうのかぎ
664,ラダトームの城,あみタイツ,2F北西の部屋の宝箱※まほうのかぎ
665,ラダトームの城,ラックのたね,2F北西の部屋のツボ※まほうのかぎ
666,ガライ,うさみみバンド,宿屋客室の青い宝箱※まほうのかぎ
667,ガライ,ねこぐるみ,港の隣の貴族の部屋のタンス※まほうのかぎ
668,ガライ,ふくびきけん×7,港の隣の貴族の部屋の引き出し※まほうのかぎ
669,ガライ,まがんのぼうし,ガライの墓B1Fの南側の宝箱※まほうのかぎ
670,マイラ,くさなぎの剣,西の民家の青い宝箱※まほうのかぎ
671,岩山の洞窟,しのびの服,B1F北東の四角の部屋の青い宝箱※まほうのかぎ
672,ドムドーラ,はやてのベスト,屋内の青い宝箱※まほうのかぎ
673,メルキド,2400G,北東の兵士詰め所2Fの青い宝箱※まほうのかぎ
674,沼地の洞窟,メタスラヘルム,B2F南東の青い宝箱※まほうのかぎ
675,沼地の洞窟,ドラゴン斬りの巻物,B2F北の赤い宝箱※まほうのかぎ
676,沼地の洞窟,シルバークロー,B1F中央エリアの西側宝箱※まほうのかぎ
677,リムルダール,マホステの巻物,宿屋裏口から入った屋内の青い宝箱※まほうのかぎ
678,竜王の城,呪いのベルト,B2F北の宝箱※まほうのかぎ
679,竜王の城,メタスラのよろい,B2F南東の宝箱※まほうのかぎ
680,竜王の城,ちいさなメダル,B6F宝物庫の青い宝箱※まほうのかぎ
681,雨のほこら,ようせいのうでわ,1F南東の青い宝箱※まほうのかぎ
682,雨のほこら,メダル王の島,※まほうのかぎ
683,雨のほこら,ふくびきけん×10,西側の青い宝箱※まほうのかぎ
684,雨のほこら,いなずまの巻物,東側の青い宝箱※まほうのかぎ
685,ベラヌール,ふくびきけん×7,宿屋客室にいる兵士の右側の地面※まほうのかぎ
686,ベラヌール北のほこら,しあわせのぼうし,ほこらの中の青い宝箱※まほうのかぎ
687,ヘルポイ,ふくびきけん×2,ペルポイの右の牢屋の先の部屋のツボ※まほうのかぎ
688,炎のほこら,ほのおの盾,外観の崖の道の行き止まり青い宝箱※まほうのかぎ
689,デルコンダル,ガイアのよろい,武器屋内の奥の宝箱
690,デルコンダル,せいなるナイフ,武器屋内の手前の宝箱
691,妖精の城,ふうじんの盾,城1F北東の青い宝箱
692,妖精の城,いのりのゆびわ,城1F北西の左の青い宝箱
693,妖精の城,いぬぐるみ,城1F北西の右の青い宝箱
694,ローレシア城,ロトのしるし,城1F宝物庫のくすんだ緑色の宝箱※さいごのかぎ
695,ローレシア城,ふくびきけん×7,城B1Fの牢屋内のツボ※さいごのかぎ
696,ローレシア城下町,メタル斬りの巻物,井戸の中の宝箱※さいごのかぎ
697,サマルトリア城,特やくそう,B1F左の地下牢の左のツボ※さいごのかぎ
698,サマルトリア城,ふしぎなきのみ,B1F左の地下牢の右のツボ※さいごのかぎ
699,ムーンブルク,えいゆうの杖,1Fの玉座の裏の宝箱※さいごのかぎ
700,ルプガナ,やまびこのぼうし,港のトレジャーハンターの家の宝箱※さいごのかぎ
701,ラダトーム城下町,ふくびきけん×9,教会2Fの藁の地面※さいごのかぎ
702,ラダトーム城,特やくそう,城1Fの宝物庫の左の宝箱※さいごのかぎ
703,ラダトーム城,グレートヘルム,城1Fの宝物庫の左から2番目の宝箱※さいごのかぎ
704,ラダトーム城,バスタードソード,城1Fの宝物庫の右から2番目の宝箱※さいごのかぎ
705,ラダトーム城,バイキルミン,城1Fの宝物庫の右の宝箱※さいごのかぎ
706,ラダトーム城,聖女のティアラ,城2Fの北西の部屋の宝箱※さいごのかぎ
707,ガライの墓,やくそう,B1F南西の左のツボ※さいごのかぎ
708,ガライの墓,せいすい,B1F南西の右のツボ※さいごのかぎ
709,ガライの墓,ちからのたね,B1F北東のツボ※さいごのかぎ
710,ガライの墓,布の服,B1F東のタル※さいごのかぎ
711,ガライの墓,まほうのせいすい,B1F南東のツボ※さいごのかぎ
712,ガライの墓,ひかりのドレス,B2F中央の宝箱※さいごのかぎ
713,ガライの墓,すばやさのたね,B2F中央通路行き止まり左のツボ※さいごのかぎ
714,ガライの墓,86G,B2F中央通路行き止まり右のツボ※さいごのかぎ
715,ガライの墓,キメラのつばさ×2,B2F西の奥のタル※さいごのかぎ
716,ガライの墓,皮のぼうし,B2F西の手前のタル※さいごのかぎ
717,ガライの墓,2000G,B2F南の宝箱※さいごのかぎ
718,ガライの墓,ちいさなメダル,B3F北東のタル※さいごのかぎ
719,ガライの墓,かしこさのたね,B3F南のタル※さいごのかぎ
720,ガライの墓,ダンスの巻物,B3F像の前の左の宝箱※さいごのかぎ
721,ガライの墓,おどりこの服,B3F像の前の右の宝箱※さいごのかぎ
722,ガライの墓,714G,B3FのB4Fへの階段付近の四角い装飾床※さいごのかぎ
723,マイラ,ふくびきけん×10,井戸の中の宝箱※さいごのかぎ
724,リムルダール,3400G,教会2Fの牢屋の藁の地面※さいごのかぎ
725,リムルダール,すばやさのたね,教会2Fの牢屋の右のタル※さいごのかぎ
726,リムルダール,ふくびきけん×6,教会2Fの牢屋の左のタル※さいごのかぎ
727,沼地の洞窟,ごうけつのうでわ,B2Fの中央の広い空間の宝箱※さいごのかぎ
728,沼地の洞窟,ドラゴンクロウ,B1F中央エリアの最深部の宝箱※さいごのかぎ
729,岩山の洞窟,あくまのムチ,B2F南東の宝箱※さいごのかぎ
730,岩山の洞窟,黄金の盾,B2F北西の宝箱※さいごのかぎ
731,岩山の洞窟,メラゾーマの巻物,B2F西の最深部の右の宝箱※さいごのかぎ
732,ドムドーラ,ほのおのよろい,中央の宝箱(DQ1でロトの鎧があった位置)※さいごのかぎ
733,メルキド,りりょくの杖,北東の兵士詰め所2Fの宝箱※さいごのかぎ
734,メルキド,5000G,南東の武器屋裏口から入った屋内の宝箱※さいごのかぎ
735,メルキド,ふくびきけん×6,西の家2Fの左の家の右から2番目の本棚※さいごのかぎ
736,雨のほこら,ひかりのドレス,5Fの東の宝箱※さいごのかぎ
737,竜王の城,ちいさなメダル,B5F南の宝箱※さいごのかぎ
738,竜王の城,けんじゃの石,B6F右の宝箱※さいごのかぎ
739,竜王の城,ドラゴンローブ,B6F左の宝箱※さいごのかぎ
740,メダル王の島,ミラーシールド,東側の中央の宝箱※さいごのかぎ
741,メダル王の島,プリンセスローブ,西側の中央の宝箱※さいごのかぎ
742,ベラヌール,バイキルミン,北東の塔の内部の奥の地面※さいごのかぎ
743,ペルポイ,すばやさのたね,左の牢屋のツボ※さいごのかぎ
744,ペルポイ,ちいさなメダル,左の牢屋の宝箱※さいごのかぎ
745,ザハン,まほうのビキニ,神殿の東側の宝箱※さいごのかぎ
746,ザハン,せいなる織り機,神殿の西側の宝箱※さいごのかぎ
747,デルコンダル,ちいさなメダル,1Fのモンスターの檻の中の藁の上※さいごのかぎ
748,妖精の城,ぎんのたてごと,1F北東の右の宝箱※さいごのかぎ
749,妖精の城,あまぐもの杖,1F北東の左の宝箱※さいごのかぎ
750,妖精の城,エルフののみぐすり,1F北西の左の宝箱※さいごのかぎ
751,ベラヌール北のほこら,ちいさなメダル,中央の宝箱※さいごのかぎ
752,テパ東のほこら,ほのおのよろい,東側の部屋の中央の宝箱※さいごのかぎ
753,テパ東のほこら,はやぶさの剣,西側の部屋の中央の宝箱※さいごのかぎ